<assembly xmlns="http://maven.apache.org/plugins/maven-assembly-plugin/assembly/1.1.0"
          xmlns:xsi="http://www.w3.org/2001/XMLSchema-instance"
          xsi:schemaLocation="http://maven.apache.org/plugins/maven-assembly-plugin/assembly/1.1.0 http://maven.apache.org/xsd/assembly-1.1.0.xsd">
    <id>1</id>
    <formats>
        <format>zip</format>
    </formats>
    <fileSets>
        <fileSet>
            <directory>${project.basedir}</directory>
            <outputDirectory>/</outputDirectory>
            <includes>
                <include>README*</include>
                <include>**/*.xml</include>
                <include>**/*.java</include>
                <include>*/resources/**/*</include>
                <include>*/src/**/*</include>
            </includes>
            <excludes>
                <exclude>curl-plugin/target/**/*</exclude>
                <exclude>descriptor-hash-plugin/target/**/*</exclude>
                <exclude>**/.idea/**/*</exclude>
            </excludes>
        </fileSet>
        <fileSet>
            <directory>${project.build.directory}</directory>
            <outputDirectory>/</outputDirectory>
            <includes>
                <include>lib/go-plugin-api-*.jar</include>
            </includes>
        </fileSet>
    </fileSets>
</assembly>